file	column	max_absolute_error
protein_log2.tsv	run1	2.33220102785481e-07
protein_log2.tsv	run2	3.01450700845862e-07
protein_log2.tsv	run3	6.94730992734094e-08
protein_log2.tsv	run4	3.37033100095141e-07
protein_log2.tsv	run5	1.85002999586459e-07
protein_log2.tsv	run6	2.43329019156135e-08
protein_se.tsv	run1	2.09619044344578e-10
protein_se.tsv	run2	5.62461022202143e-10
protein_se.tsv	run3	3.09990033642293e-10
protein_se.tsv	run4	2.99986924190421e-10
protein_se.tsv	run5	2.99986924190421e-10
protein_se.tsv	run6	3.16867976302149e-10
de_R.ConditionB.tsv	NPrec	0
de_R.ConditionB.tsv	PropObs	0
de_R.ConditionB.tsv	logFC	4.47397729974597e-08
de_R.ConditionB.tsv	AveExpr	2.14899991135553e-08
de_R.ConditionB.tsv	t	2.43130701016447e-07
de_R.ConditionB.tsv	P.Value	1.15137206990745e-07
de_R.ConditionB.tsv	adj.P.Val	6.96522379772802e-08
de_R.ConditionB.tsv	B	2.43140870104241e-07
